BUV395,LiveDeadBlue,GhostUV450,AF350,BUV496,BUV563,BUV615,BUV661,BUV737,BUV805,BV421,AF405,SB436,eFluor450,GhostV450,VioBlue,BV480,eFluor506,GhostV510,BV510,V500,LiveDeadAqua,BV570,cFluorYG584,SB600,BV605,BV650,SB645,SB702,BV711,BV750,BV786,BV785,SB780,BB515,NovaBlue510,FITC,AF488,NovaBlue530,NovaBlue555,SparkBlue550,AF532,NovaYellow570,NorthernLights557,PE,NovaBlue585,NovaYellow590,PE-eFluor610,PE-Dazzle594,PE-TexasRed,BB630,PE-CF594,NovaBlue610-30S,NovaYellow610,NovaBlue610-70S,PE-Vio615,PE-AF610,PE-Fire640,NovaBlue660-120S,PE-Cy5,PerCP,PerCP-Cy5.5,PE-Cy5.5,NovaYellow700,BB700,PE-Fire700,PerCP-Vio700,PerCP-eFluor710,PE-AF700,BB755,PE-Cy7,PE-Vio770,PE-Fire810,APC,NovaRed660,NovaYellow660,NovaBlue660-40S,AF647,eFluor660,DyLight650,SparkNIR685,NovaRed685,NovaYellow690,AF660,APC-Cy5.5,NovaRed700,APC-R700,AF700,R718,NovaRed710,GhostR710,AF750,APC-Vio770,APC-Cy7,APC-eFluor780,APC-H7,APC-Fire750,GhostR780,DyLight800,APC-Fire810,AfHuLym,AfHuLymICS,AfHuLymICSuv7
0.49,0.01,0.03,0.02,0.04,0.02,0.01,0.03,0.02,0.05,0.0,0.0,0.0,0.0,0.0,0.0,0.0,0.0,0.0,0.0,0.0,0.0,0.0,0.0,0.0,0.0,0.0,0.0,0.0,0.0,0.0,0.0,0.0,0.0,0.0,-0.0002,0.0,0.0,0.0,-0.006500000000000001,0.0,0.0,0.0,0.0,0.0,-0.0013,-0.0001,0.0,0.0,0.0,0.0,0.0,0.0,0.0,-0.0004,0.0,0.0,0.0,0.0,0.0,0.0,0.0,0.0,-0.0001,0.0,0.0,0.0,0.0,0.0,0.0,0.0,0.0,0.0002817360874271564,0.0,-0.0007000000000000001,0.0,0.0,0.0,0.0,0.0,0.0,-0.0006,-0.0003,0.0,0.0,0.0,0.0,0.0,0.04,-0.0004,0.0,0.0,0.0,0.0,0.0,0.0,0.0,0.0,0.0,0.0,0.0,0.0,0.027428312707515848
1.0,0.06,0.1,0.06,0.08,0.03,0.03,0.05,0.04,0.08,0.0,0.0,0.0,0.0,0.0,0.0,0.0,0.0,0.0,0.0,0.0,0.0,0.0,0.0,0.0,0.0,0.0,0.0,0.0,0.0,0.0,0.0,0.0,0.0,0.0,-0.0007000000000000001,0.0,0.0,0.0,-0.0034999999999999996,0.0,0.0,0.0,0.0,0.0,-0.0051,-0.0002,0.0,0.0,0.0,0.0,0.0,0.0,0.0,-0.0017000000000000001,0.0,0.0,0.0,-0.0007000000000000001,0.0,0.0,0.0,0.0,-0.0004,0.0,0.0,0.0,0.0,0.0,0.0,0.0,0.0,0.0005634721748543128,0.0,-0.0008,0.0,0.0,0.0,0.0,0.0,0.0,-0.0001,-0.0003,0.0,0.0,-0.0003,0.0,0.0,0.05,-0.0007000000000000001,0.0,0.0,0.0,0.0,0.0,0.0,0.0,0.0,0.0,0.0,0.13,0.13,0.08022939933594929
0.5,0.44,0.48,0.42,0.04,0.02,0.02,0.03,0.02,0.04,0.09,0.05,0.04,0.0,0.0,0.0,0.0,0.0,0.0,0.0,0.0,0.0,0.0,0.0,0.0,0.0,0.0,0.0,0.0,0.0,0.0,0.01,0.0,0.0,0.0,-0.0016,0.0,0.0,0.0,-0.0034999999999999996,0.0,0.0,0.0,0.0,0.0,-0.0044,-0.0004,0.0,0.0,0.0,0.0,0.0,0.0,0.0,-0.0014000000000000002,0.0,0.0,0.0,-0.0009,0.0,0.0,0.0,0.0,-0.0004,0.0,0.0,0.0,0.0,0.0,0.0,0.0,0.0,0.00019276679666068596,0.0,-0.0007000000000000001,0.0,0.0,0.0,0.0,0.0,0.0,-0.0003,-0.0003,0.0,0.0,-0.0003,0.0,0.0,0.13,-0.001,0.0,0.0,0.0,0.0,0.0,0.0,0.0,0.0,0.0,0.0,0.12,0.12,0.10338062179293692
0.33,0.65,0.67,0.6,0.03,0.01,0.02,0.02,0.01,0.03,0.06,0.05,0.04,0.01,0.0,0.02,0.0,0.0,0.0,0.0,0.0,0.0,0.0,0.0,0.0,0.0,0.0,0.0,0.0,0.0,0.0,0.0,0.0,0.0,0.0,-0.0016,0.0,0.0,0.0,-0.004,0.0,0.0,0.0,0.0,0.0,-0.0051,-0.0004,0.0,0.0,0.0,0.0,0.0,0.0,0.0,-0.0008,0.0,0.0,0.0,-0.0009,0.0,0.0,0.0,0.0,-0.0005,0.0,0.0,0.0,0.0,0.0,0.0,0.0,0.0,-0.00013345393614970567,0.0,-0.0012,0.0,0.0,0.0,0.0,0.0,0.0,-0.0004,-0.0006,0.0,0.0,-0.0003,0.0,0.0,0.18,-0.0007000000000000001,0.0,0.0,0.0,0.0,0.0,0.0,0.0,0.0,0.0,0.0,0.13,0.13,0.14443102927859947
0.32,0.83,0.83,0.78,0.05,0.01,0.01,0.02,0.01,0.03,0.08,0.05,0.05,0.02,0.01,0.03,0.01,0.0,0.0,0.01,0.0,0.0,0.0,0.0,0.0,0.0,0.0,0.0,0.0,0.0,0.0,0.0,0.0,0.0,0.0,-0.0021,0.0,0.0,0.0,-0.003,0.0,0.0,0.0,0.0,0.0,-0.005699999999999999,-0.0007000000000000001,0.0,0.0,0.0,0.0,0.0,0.0,0.0,-0.0023,0.0,0.0,0.0,-0.0016,0.0,0.01,0.0,0.0,-0.0007000000000000001,0.0,0.0,0.0,0.0,0.0,0.0,0.0,0.0,-0.0007562389715149988,0.0,-0.0015,0.0,0.0,0.0,0.0,0.0,0.0,-0.0005,-0.0009,0.0,0.0,-0.0006,0.0,0.0,0.28,-0.0002,0.0,0.0,0.0,0.0,0.0,0.0,0.0,0.0,0.0,0.0,0.21,0.21,0.20102626018714156
0.3,1.0,1.0,1.0,0.24,0.01,0.01,0.02,0.01,0.03,0.06,0.05,0.06,0.02,0.0,0.04,0.13,0.01,0.01,0.07,0.01,0.05,0.0,0.0,0.0,0.0,0.0,0.0,0.0,0.0,0.0,0.0,0.0,0.0,0.0,-0.005699999999999999,0.0,0.0,0.0,-0.0116,0.0,0.0,0.0,0.0,0.0,-0.0076,-0.0016,0.0,0.0,0.0,0.0,0.0,0.0,0.0,-0.005600000000000001,0.0,0.0,0.0,-0.0034999999999999996,0.0,0.01,0.0,0.0,-0.0016,0.0,0.0,0.0,0.0,0.0,0.0,0.0,0.0,-0.0013790240068802919,0.0,-0.0038,0.0,0.0,0.0,0.0,0.0,0.0,-0.0016,-0.0023,0.0,0.0,-0.0012,0.0,0.0,0.45,-0.0025,0.0,0.0,0.0,0.0,0.0,0.0,0.0,0.0,0.0,0.0,0.39,0.39,0.32991246604286145
0.18,0.75,0.77,0.91,1.0,0.01,0.0,0.01,0.01,0.02,0.05,0.03,0.04,0.01,0.0,0.04,0.25,0.06,0.07,0.36,0.07,0.32,0.0,0.0,0.0,0.0,0.0,0.0,0.0,0.0,0.0,0.0,0.0,0.0,0.02,-0.0124,0.03,0.01,0.0,-0.027200000000000002,0.0,0.0,0.0,0.0,0.0,-0.012199999999999999,-0.0023,0.0,0.0,0.0,0.0,0.0,0.0,0.0,-0.0131,0.0,0.0,0.0,-0.008100000000000001,0.0,0.01,0.0,0.0,-0.0034000000000000002,0.0,0.0,0.0,0.0,0.0,0.0,0.0,0.0,-0.002224232269161761,0.0,-0.0064,0.0,0.0,0.0,0.0,0.0,0.0,-0.003,-0.0049,0.0,0.0,-0.0028000000000000004,0.0,0.0,0.8,-0.0059,0.0,0.0,0.0,0.0,0.0,0.0,0.0,0.0,0.0,0.0,0.77,0.77,1.0
0.06,0.24,0.26,0.36,0.54,0.23,0.0,0.0,0.0,0.01,0.02,0.01,0.01,0.0,0.0,0.01,0.13,0.04,0.05,0.32,0.05,0.28,0.01,0.0,0.0,0.0,0.0,0.0,0.0,0.0,0.0,0.0,0.0,0.0,0.01,-0.0069,0.03,0.01,0.00999999999999998,-0.01,0.03,0.05,0.0,0.0,0.0,0.002,0.0007000000000000001,0.0,0.0,0.0,0.0,0.0,0.0,0.0,-0.006,0.0,0.0,0.0,-0.0042,0.0,0.0,0.0,0.0,-0.0018,0.0,0.0,0.0,0.0,0.0,0.0,0.0,0.0,-0.0007117543261317635,0.0,-0.0034000000000000002,0.0,0.0,0.0,0.0,0.0,0.0,-0.0012,-0.0022,0.0,0.0,-0.0011,0.0,0.0,0.5,-0.0009,0.0,0.0,0.0,0.0,0.0,0.0,0.0,0.0,0.0,0.0,0.55,0.55,0.4947177784485361
0.01,0.08,0.09,0.21,0.26,1.0,0.18,0.0,0.0,0.0,0.01,0.0,0.0,0.0,0.0,0.01,0.07,0.02,0.02,0.27,0.03,0.2,0.21,0.01,0.08,0.07,0.0,0.0,0.0,0.0,0.0,0.0,0.0,0.0,0.0,-0.008,0.01,0.0,0.0,-0.0069,0.02,0.08,0.0,0.0,0.06,0.0126,0.0166,0.02,0.03,0.01,0.01,0.01,0.0,0.0,-0.0067,0.01,0.0,0.0,-0.0045000000000000005,0.0,0.0,0.0,0.01,-0.0018,0.0,0.0,0.0,0.0,0.01,0.01,0.0,0.0,0.006776494313379499,0.0,-0.0043,0.0,0.0,0.0,0.0,0.0,0.0,-0.0018,-0.0025,0.0,0.0,-0.0019,0.0,0.0,0.46,-0.0027,0.0,0.0,0.0,0.0,0.0,0.0,0.0,0.0,0.0,0.0,0.45,0.45,0.40235436160579535
0.0,0.02,0.02,0.09,0.07,0.27,1.0,0.05,0.0,0.0,0.0,0.0,0.0,0.0,0.0,0.0,0.02,0.0,0.01,0.1,0.01,0.06,0.08,0.0,0.18,0.2,0.04,0.02,0.0,0.0,0.0,0.0,0.0,0.0,0.0,-0.0025,0.0,0.0,0.0,-0.0005,0.01,0.03,0.0,0.0,0.02,0.011399999999999999,0.022000000000000002,0.04,0.05,0.04,0.1,0.04,0.0199999999999999,0.00999999999999998,0.0089,0.06,0.04,0.01,-0.0007000000000000001,0.0,0.0,0.0,0.0,-0.0004,0.0,0.0,0.0,0.0,0.0,0.01,0.0,0.0,0.0017942140304571539,0.0,-0.0009,0.0,0.0,0.0,0.0,0.0,0.0,-0.0003,-0.0006,0.0,0.0,-0.0004,0.0,0.0,0.16,0.0002,0.0,0.0,0.0,0.0,0.0,0.0,0.0,0.0,0.0,0.0,0.2,0.2,0.1934198611530335
0.0,0.01,0.01,0.04,0.02,0.06,0.39,1.0,0.0,0.0,0.0,0.0,0.0,0.0,0.0,0.0,0.0,0.0,0.0,0.04,0.0,0.02,0.02,0.0,0.09,0.1,0.16,0.12,0.01,0.0,0.0,0.0,0.0,0.0,0.0,-0.0005,0.0,0.0,0.0,-0.0015,0.0,0.0,0.0,0.0,0.0,0.0044,0.01,0.01,0.01,0.02,0.04,0.01,0.00999999999999998,0.0,0.0029,0.03,0.04,0.03,0.006500000000000001,0.03,0.13,0.07,0.0,0.0008,0.01,0.0,0.03,0.01,0.0,0.01,0.0,0.0,0.0006820978958762733,0.08,0.0077,0.0,0.00999999999999998,0.0,0.0,0.0,0.01,0.0025,0.0013,0.0,0.01,0.0013,0.0,0.0,0.09,0.0011,0.0,0.0,0.0,0.0,0.0,0.0,0.0,0.0,0.0,0.0,0.11,0.11,0.09990944763054634
0.0,0.0,0.0,0.02,0.01,0.03,0.22,0.51,0.03,0.0,0.0,0.0,0.0,0.0,0.0,0.0,0.0,0.0,0.0,0.02,0.0,0.01,0.01,0.0,0.04,0.04,0.08,0.04,0.08,0.04,0.0,0.0,0.0,0.0,0.0,-0.0004,0.0,0.0,0.0,0.0005,0.0,0.0,0.0,0.0,0.0,0.0013,0.0043,0.0,0.01,0.01,0.02,0.01,0.0,0.0,0.0029,0.02,0.02,0.01,0.0037,0.02,0.19,0.19,0.02,0.0054,0.05,0.02,0.08,0.05,0.0,0.0,0.0,0.0,0.0006820978958762733,0.03,0.0044,0.0,0.00999999999999998,0.0,0.0,0.01,0.02,0.005699999999999999,0.0054,0.01,0.03,0.0067,0.01,0.01,0.04,0.0046,0.01,0.0,0.0,0.0,0.0,0.0,0.0,0.0,0.0,0.0,0.07,0.07,0.049260488982795045
0.0,0.0,0.0,0.01,0.0,0.02,0.12,0.37,0.4,0.0,0.0,0.0,0.0,0.0,0.0,0.0,0.0,0.0,0.0,0.01,0.0,0.0,0.01,0.0,0.03,0.03,0.05,0.04,0.14,0.14,0.02,0.0,0.0,0.0,0.0,-0.0007000000000000001,0.0,0.0,0.0,0.0005,0.0,0.0,0.0,0.0,0.0,0.0026,0.0034000000000000002,0.0,0.0,0.0,0.01,0.0,0.0,0.0,0.001,0.01,0.01,0.01,0.0018,0.01,0.06,0.14,0.02,0.0060999999999999995,0.05,0.03,0.12,0.12,0.02,0.02,0.0,0.0,0.000607956820237548,0.02,0.0036,0.0,0.0,0.0,0.0,0.0,0.01,0.0038,0.0037,0.02,0.03,0.0075,0.03,0.03,0.07,0.012,0.03,0.0,0.0,0.0,0.0,0.0,0.0,0.0,0.0,0.0,0.06,0.06,0.052580742529429514
0.0,0.0,0.0,0.02,0.0,0.01,0.11,0.31,1.0,0.02,0.0,0.0,0.0,0.0,0.0,0.0,0.0,0.0,0.0,0.01,0.0,0.0,0.01,0.0,0.02,0.03,0.04,0.03,0.1,0.12,0.18,0.08,0.04,0.04,0.0,-0.0002,0.0,0.0,0.0,-0.0009,0.0,0.0,0.0,0.0,0.0,0.0026,0.0033,0.0,0.0,0.0,0.01,0.0,0.0,0.0,0.001,0.01,0.01,0.01,0.0022,0.01,0.09,0.13,0.02,0.0031,0.04,0.02,0.1,0.09,0.02,0.16,0.01,0.01,0.0015124779430299975,0.03,0.0036,0.0,0.0,0.0,0.0,0.0,0.01,0.0031,0.0024,0.01,0.02,0.0038,0.03,0.03,0.08,0.0109,0.02,0.02,0.01,0.01,0.01,0.01,0.01,0.02,0.0,0.0,0.07,0.07,0.08234228795653487
0.0,0.0,0.0,0.02,0.0,0.01,0.06,0.16,0.5,0.35,0.0,0.0,0.0,0.0,0.0,0.0,0.0,0.0,0.0,0.01,0.0,0.0,0.0,0.0,0.01,0.02,0.02,0.02,0.08,0.08,0.14,0.18,0.14,0.14,0.0,-0.0002,0.0,0.0,0.0,0.002,0.0,0.0,0.0,0.0,0.0,0.0038,0.0019,0.0,0.0,0.0,0.0,0.0,0.0,0.0,0.001,0.01,0.01,0.01,0.0013,0.01,0.03,0.09,0.01,0.0014000000000000002,0.03,0.02,0.07,0.07,0.01,0.14,0.04,0.04,0.011491866724002433,0.01,0.0021,0.0,0.0,0.0,0.0,0.0,0.01,0.0025,0.0011,0.01,0.02,0.0017000000000000001,0.01,0.02,0.06,0.0067,0.01,0.07,0.05,0.05,0.05,0.05,0.06,0.1,0.05,0.01,0.05,0.05,0.05925143374584969
0.0,0.0,0.0,0.02,0.0,0.0,0.03,0.1,0.39,1.0,0.0,0.0,0.0,0.0,0.0,0.0,0.0,0.0,0.0,0.0,0.0,0.0,0.0,0.0,0.01,0.01,0.01,0.01,0.05,0.05,0.08,0.13,0.11,0.11,0.0,-0.0002,0.0,0.0,0.0,0.001,0.0,0.0,0.0,0.0,0.0,0.0025,0.0014000000000000002,0.0,0.0,0.0,0.0,0.0,0.0,0.0,0.0,0.0,0.0,0.0,0.0009,0.0,0.02,0.05,0.01,0.0006,0.02,0.01,0.05,0.05,0.01,0.09,0.03,0.02,0.04648645442548081,0.01,0.0015,0.0,0.0,0.0,0.0,0.0,0.0,0.0013,0.0005,0.0,0.01,0.0009,0.01,0.01,0.04,0.0049,0.01,0.04,0.03,0.03,0.04,0.05,0.05,0.09,0.13,0.07,0.05,0.05,0.07262300030184123
0.0,0.09,0.32,0.05,0.0,0.0,0.0,0.0,0.0,0.0,1.0,0.63,0.59,0.18,0.13,0.09,0.0,0.0,0.0,0.0,0.0,0.0,0.12,0.0,0.06,0.05,0.07,0.07,0.09,0.07,0.04,0.14,0.05,0.02,0.0,-0.0018,0.0,0.0,0.0,-0.0045000000000000005,0.0,0.0,0.0,0.0,0.0,-0.0026,-0.0005,0.0,0.0,0.0,0.0,0.0,0.0,0.0,-0.0018,0.0,0.0,0.0,-0.0012,0.0,0.0,0.0,0.0,-0.0005,0.0,0.0,0.0,0.0,0.0,0.0,0.0,0.0,-2.9656430255490146e-05,0.0,-0.0012,0.0,0.0,0.0,0.0,0.0,0.0,-0.0005,-0.0006,0.0,0.0,-0.0005,0.0,0.0,0.06,-0.0011,0.0,0.0,0.0,0.0,0.0,0.0,0.0,0.0,0.0,0.0,0.2,0.2,0.13256866888016902
0.0,0.2,0.81,0.11,0.0,0.0,0.0,0.0,0.0,0.0,0.9,1.0,1.0,0.91,0.82,0.68,0.01,0.0,0.02,0.02,0.0,0.02,0.11,0.0,0.1,0.04,0.07,0.11,0.14,0.07,0.04,0.13,0.05,0.04,0.0,-0.002,0.0,0.0,0.0,-0.0034999999999999996,0.0,0.0,0.0,0.0,0.0,-0.0006,0.0002,0.0,0.0,0.0,0.0,0.0,0.0,0.0,-0.0012,0.0,0.0,0.0,-0.0008,0.0,0.0,0.0,0.0,-0.0004,0.0,0.0,0.0,0.0,0.0,0.0,0.0,0.0,-0.00010379750589421551,0.0,-0.0007000000000000001,0.0,0.0,0.0,0.0,0.0,0.0,-0.0006,-0.0003,0.0,0.0,-0.0003,0.0,0.0,0.09,-0.0002,0.0,0.0,0.0,0.0,0.0,0.0,0.0,0.0,0.0,0.0,0.26,0.26,0.19695140356172652
0.0,0.2,0.87,0.12,0.01,0.0,0.0,0.0,0.0,0.0,0.89,0.77,0.76,1.0,1.0,1.0,0.23,0.02,0.12,0.11,0.04,0.08,0.11,0.0,0.08,0.04,0.06,0.09,0.11,0.07,0.04,0.13,0.05,0.03,0.0,-0.0036,0.0,0.0,0.0,-0.006,0.0,0.0,0.0,0.0,0.0,0.0,0.0004,0.0,0.0,0.0,0.0,0.0,0.0,0.0,-0.0027,0.0,0.0,0.0,-0.0003,0.0,0.0,0.0,0.0,-0.0007000000000000001,0.0,0.0,0.0,0.0,0.0,0.0,0.0,0.0,-0.00041519002357686205,0.0,-0.0007000000000000001,0.0,0.0,0.0,0.0,0.0,0.0,-0.0005,-0.0005,0.0,0.0,-0.0005,0.0,0.0,0.13,0.0002,0.0,0.0,0.0,0.0,0.0,0.0,0.0,0.0,0.0,0.0,0.4,0.4,0.31904618170842136
0.0,0.12,0.54,0.09,0.07,0.0,0.0,0.0,0.0,0.0,0.35,0.37,0.41,0.56,0.55,0.65,0.99,0.13,0.35,0.26,0.24,0.23,0.04,0.0,0.04,0.02,0.03,0.04,0.06,0.03,0.01,0.05,0.02,0.02,0.0,-0.0027,0.0,0.0,0.0,-0.0055000000000000005,0.0,0.0,0.0,0.0,0.0,0.0,0.0003,0.0,0.0,0.0,0.0,0.0,0.0,0.0,-0.0033,0.0,0.0,0.0,-0.0012,0.0,0.0,0.0,0.0,-0.0007000000000000001,0.0,0.0,0.0,0.0,0.0,0.0,0.0,0.0,-0.0007265825412595086,0.0,-0.0017000000000000001,0.0,0.0,0.0,0.0,0.0,0.0,-0.001,-0.0007000000000000001,0.0,0.0,-0.0006,0.0,0.0,0.14,-0.0007000000000000001,0.0,0.0,0.0,0.0,0.0,0.0,0.0,0.0,0.0,0.0,0.45,0.45,0.36432236643525506
0.0,0.06,0.3,0.08,0.18,0.0,0.0,0.0,0.0,0.0,0.17,0.15,0.23,0.29,0.28,0.42,1.0,0.9,0.91,0.67,0.81,0.67,0.02,0.0,0.02,0.01,0.01,0.02,0.03,0.01,0.01,0.02,0.01,0.01,0.01,0.009000000000000001,0.03,0.0,0.00999999999999998,-0.0087,0.0,0.0,0.0,0.0,0.0,0.0085,0.0003,0.0,0.0,0.0,0.0,0.0,0.0,0.0,-0.0032,0.0,0.0,0.0,-0.0002,0.0,0.0,0.0,0.0,-0.0016,0.0,0.0,0.0,0.0,0.0,0.0,0.0,0.0,-0.0009786621984311749,0.0,-0.0023,0.0,0.0,0.0,0.0,0.0,0.0,-0.0013,-0.0016,0.0,0.0,-0.0009,0.0,0.0,0.22,-0.0013,0.0,0.0,0.0,0.0,0.0,0.0,0.0,0.01,0.0,0.0,0.72,0.72,0.5937217023845457
0.0,0.04,0.16,0.08,0.14,0.0,0.0,0.0,0.0,0.0,0.1,0.08,0.11,0.16,0.14,0.26,0.88,0.94,0.83,0.73,0.77,0.75,0.01,0.0,0.01,0.0,0.0,0.01,0.01,0.01,0.0,0.01,0.0,0.0,0.01,0.0088,0.06,0.01,0.0699999999999998,-0.0040999999999999995,0.07,0.0,0.0,0.0,0.0,0.0092,0.0008,0.0,0.0,0.0,0.0,0.0,0.00999999999999998,0.0,-0.0028000000000000004,0.0,0.0,0.0,-0.0002,0.0,0.0,0.0,0.0,-0.0015,0.0,0.0,0.0,0.0,0.0,0.01,0.0,0.0,0.00016311036640519582,0.0,-0.0023,0.0,0.0,0.0,0.0,0.0,0.0,-0.0011,-0.0013,0.0,0.0,-0.0009,0.0,0.0,0.19,-0.0011,0.0,0.0,0.0,0.0,0.0,0.0,0.0,0.0,0.0,0.0,0.69,0.69,0.5656504678539088
0.0,0.03,0.14,0.11,0.14,0.02,0.0,0.0,0.0,0.0,0.07,0.04,0.09,0.11,0.11,0.21,0.77,1.0,1.0,1.0,1.0,1.0,0.03,0.0,0.01,0.0,0.0,0.01,0.01,0.0,0.0,0.01,0.0,0.0,0.01,0.009899999999999999,0.06,0.01,0.11999999999999901,0.011699999999999999,0.36,0.0,0.0,0.0,0.0,0.0213,0.0018,0.0,0.0,0.0,0.01,0.0,0.00999999999999998,0.0,-0.0054,0.0,0.0,0.0,-0.001,0.0,0.0,0.0,0.0,-0.0019,0.01,0.0,0.0,0.0,0.0,0.04,0.0,0.0,0.001972152611990095,0.0,-0.003,0.0,0.00999999999999998,0.0,0.0,0.0,0.0,-0.0014000000000000002,-0.0021,0.0,0.0,-0.001,0.0,0.0,0.27,-0.0011,0.0,0.0,0.0,0.0,0.0,0.0,0.0,0.01,0.0,0.0,1.0,1.0,0.798370057349834
0.0,0.01,0.05,0.12,0.06,0.07,0.01,0.0,0.0,0.0,0.02,0.0,0.03,0.03,0.03,0.07,0.35,0.4,0.41,0.69,0.51,0.58,1.0,0.08,0.19,0.15,0.0,0.0,0.0,0.0,0.0,0.01,0.0,0.0,0.0,0.0039000000000000003,0.03,0.0,0.0599999999999998,0.0242,0.21,0.0,0.0,0.0,0.23,0.06280000000000001,0.028300000000000002,0.04,0.1,0.03,0.04,0.02,0.00999999999999998,0.0,-0.0022,0.03,0.01,0.0,-0.0016,0.01,0.0,0.0,0.03,-0.0014000000000000002,0.03,0.0,0.0,0.0,0.03,0.09,0.0,0.0,0.02901881700499711,0.0,-0.0018,0.0,0.0,0.0,0.0,0.0,0.0,-0.0006,-0.0013,0.0,0.0,-0.0009,0.0,0.0,0.23,-0.0002,0.0,0.0,0.0,0.0,0.0,0.0,0.0,0.01,0.0,0.0,0.79,0.79,0.6094174464231814
0.0,0.01,0.02,0.09,0.03,0.04,0.09,0.0,0.0,0.0,0.01,0.0,0.02,0.02,0.01,0.04,0.22,0.23,0.21,0.52,0.3,0.38,0.6,0.06,0.87,0.81,0.02,0.01,0.0,0.0,0.0,0.0,0.0,0.0,0.0,0.0012,0.01,0.0,0.0299999999999999,0.0103,0.13,0.0,0.0,0.0,0.11,0.0596,0.0575,0.12,0.11,0.08,0.25,0.06,0.0599999999999998,0.00999999999999998,0.0179,0.07,0.02,0.0,-0.0014000000000000002,0.0,0.0,0.0,0.01,-0.0007000000000000001,0.03,0.0,0.0,0.0,0.01,0.08,0.0,0.0,0.013641957917525467,0.0,0.0002,0.0,0.0,0.0,0.0,0.0,0.0,-0.0001,-0.0008,0.0,0.0,-0.0003,0.0,0.0,0.16,0.0002,0.0,0.0,0.0,0.0,0.0,0.0,0.0,0.0,0.0,0.0,0.55,0.55,0.4222758828856022
0.0,0.01,0.02,0.13,0.02,0.03,0.28,0.01,0.0,0.0,0.01,0.0,0.01,0.01,0.01,0.03,0.16,0.15,0.16,0.43,0.26,0.27,0.58,0.04,1.0,1.0,0.27,0.21,0.0,0.0,0.0,0.01,0.0,0.0,0.0,0.0,0.01,0.0,0.0199999999999999,0.0073,0.11,0.0,0.0,0.0,0.08,0.0659,0.0629,0.2,0.23,0.23,0.81,0.22,0.22,0.0199999999999999,0.0776,0.29,0.26,0.04,-0.0006,0.0,0.0,0.0,0.01,-0.0007000000000000001,0.04,0.0,0.0,0.0,0.01,0.11,0.0,0.0,0.012411216061922626,0.0,0.0028000000000000004,0.0,0.0,0.0,0.0,0.0,0.0,0.0003,-0.0006,0.0,0.0,-0.0001,0.0,0.0,0.18,0.0012,0.0,0.0,0.0,0.0,0.0,0.0,0.0,0.0,0.0,0.0,0.58,0.58,0.4494415937217024
0.0,0.01,0.01,0.09,0.01,0.01,0.1,0.24,0.0,0.0,0.0,0.0,0.0,0.0,0.0,0.01,0.04,0.03,0.04,0.15,0.07,0.07,0.17,0.01,0.48,0.46,1.0,1.0,0.06,0.03,0.0,0.01,0.0,0.0,0.0,-0.0012,0.0,0.0,0.00999999999999998,-0.0005,0.04,0.0,0.0,0.0,0.02,0.0277,0.0286,0.05,0.06,0.07,0.24,0.07,0.0599999999999998,0.00999999999999998,0.0219,0.14,0.18,0.16,0.096,0.14,0.26,0.18,0.02,0.001,0.15,0.01,0.11,0.04,0.0,0.07,0.0,0.0,0.0044781209685790125,0.27,0.1047,0.049999999999999906,0.199999999999999,0.01,0.01,0.01,0.02,0.0282,0.0045000000000000005,0.01,0.03,0.0111,0.01,0.0,0.11,0.01,0.0,0.0,0.01,0.01,0.01,0.0,0.0,0.0,0.0,0.01,0.31,0.31,0.23769996981587685
0.0,0.0,0.0,0.06,0.0,0.0,0.05,0.12,0.01,0.0,0.0,0.0,0.0,0.0,0.0,0.0,0.02,0.01,0.01,0.07,0.03,0.03,0.08,0.01,0.2,0.19,0.46,0.36,0.61,0.34,0.01,0.01,0.0,0.0,0.0,0.0002,0.0,0.0,0.0,0.001,0.02,0.0,0.0,0.0,0.01,0.013999999999999999,0.011399999999999999,0.02,0.03,0.04,0.1,0.04,0.0299999999999999,0.0,0.0124,0.07,0.1,0.06,0.0525,0.09,0.31,0.54,0.11,0.0105,0.5,0.07,0.43,0.31,0.03,0.05,0.0,0.0,0.004389151677812541,0.09,0.0602,0.0299999999999999,0.1,0.0,0.01,0.01,0.06,0.0644,0.019799999999999998,0.04,0.11,0.0489,0.05,0.03,0.08,0.031200000000000002,0.03,0.0,0.0,0.0,0.0,0.0,0.0,0.0,0.0,0.0,0.19,0.19,0.1481134923030486
0.0,0.0,0.0,0.06,0.0,0.0,0.03,0.09,0.13,0.0,0.0,0.0,0.0,0.0,0.0,0.0,0.01,0.01,0.01,0.05,0.02,0.02,0.05,0.0,0.16,0.15,0.34,0.37,1.0,1.0,0.18,0.04,0.02,0.01,0.0,0.0002,0.0,0.0,0.0,-0.001,0.02,0.0,0.0,0.0,0.0,0.0134,0.009899999999999999,0.01,0.02,0.02,0.06,0.02,0.0199999999999999,0.0,0.0076,0.05,0.08,0.06,0.029900000000000003,0.06,0.11,0.54,0.11,0.0147,0.46,0.1,0.85,0.87,0.12,0.18,0.0,0.0,0.004374323462684797,0.07,0.0489,0.00999999999999998,0.0599999999999998,0.0,0.0,0.0,0.04,0.0501,0.0161,0.04,0.13,0.0676,0.12,0.18,0.14,0.0911,0.07,0.0,0.0,0.0,0.0,0.0,0.0,0.0,0.0,0.0,0.19,0.19,0.1579233323271959
0.0,0.0,0.0,0.07,0.0,0.0,0.02,0.06,0.25,0.0,0.0,0.0,0.0,0.0,0.0,0.0,0.01,0.01,0.01,0.04,0.01,0.01,0.03,0.0,0.11,0.1,0.2,0.21,0.52,0.63,1.0,0.38,0.28,0.23,0.0,0.0005,0.0,0.0,0.0,0.0015,0.01,0.0,0.0,0.0,0.0,0.0096,0.0072,0.01,0.01,0.01,0.04,0.01,0.00999999999999998,0.0,0.0049,0.03,0.04,0.04,0.024900000000000002,0.05,0.15,0.36,0.07,0.0053,0.3,0.06,0.55,0.47,0.09,0.76,0.04,0.04,0.006005427126736755,0.06,0.0354,0.00999999999999998,0.049999999999999906,0.0,0.0,0.0,0.03,0.0294,0.0067,0.03,0.07,0.0236,0.07,0.13,0.12,0.057800000000000004,0.04,0.07,0.04,0.04,0.03,0.03,0.04,0.05,0.0,0.01,0.17,0.17,0.15043766978569273
0.0,0.0,0.0,0.07,0.0,0.0,0.01,0.03,0.14,0.05,0.0,0.0,0.0,0.0,0.0,0.0,0.0,0.0,0.0,0.03,0.01,0.01,0.02,0.0,0.07,0.06,0.12,0.12,0.48,0.48,0.84,1.0,1.0,1.0,0.0,0.0007000000000000001,0.0,0.0,0.0,0.001,0.01,0.0,0.0,0.0,0.0,0.0089,0.0049,0.0,0.01,0.01,0.02,0.01,0.00999999999999998,0.0,0.0037,0.02,0.03,0.03,0.013300000000000001,0.03,0.05,0.28,0.06,0.0028000000000000004,0.25,0.05,0.45,0.37,0.05,0.73,0.16,0.16,0.05738519254437344,0.03,0.0225,0.00999999999999998,0.0199999999999999,0.0,0.0,0.0,0.02,0.026000000000000002,0.0040999999999999995,0.02,0.07,0.0124,0.04,0.07,0.1,0.0383,0.03,0.26,0.15,0.16,0.15,0.16,0.17,0.29,0.2,0.06,0.15,0.15,0.14578931482040447
0.0,0.0,0.0,0.05,0.0,0.0,0.0,0.01,0.07,0.09,0.0,0.0,0.0,0.0,0.0,0.0,0.0,0.0,0.0,0.01,0.01,0.0,0.01,0.0,0.03,0.03,0.05,0.06,0.19,0.2,0.32,0.45,0.52,0.5,0.0,0.0011,0.0,0.0,0.0,0.0025,0.0,0.0,0.0,0.0,0.0,0.006999999999999999,0.0023,0.0,0.0,0.0,0.01,0.0,0.0,0.0,0.0018,0.01,0.01,0.01,0.0052,0.01,0.02,0.1,0.02,0.001,0.09,0.02,0.2,0.17,0.02,0.3,0.07,0.07,0.14500511573421906,0.01,0.009000000000000001,0.0,0.00999999999999998,0.0,0.0,0.0,0.01,0.0088,0.0014000000000000002,0.01,0.02,0.0043,0.02,0.03,0.06,0.0199,0.01,0.11,0.07,0.07,0.09,0.1,0.1,0.18,0.33,0.2,0.09,0.09,0.08831874434047692
0.0,0.0,0.0,0.03,0.05,0.0,0.0,0.0,0.0,0.0,0.0,0.0,0.0,0.0,0.0,0.0,0.06,0.1,0.01,0.0,0.03,0.0,0.0,0.0,0.0,0.0,0.0,0.0,0.0,0.0,0.0,0.0,0.0,0.0,1.0,1.0,0.8,0.79,0.189999999999999,0.6163000000000001,0.02,0.0,0.0,0.0,0.0,0.6214999999999999,0.0029,0.0,0.0,0.0,0.0,0.0,0.0299999999999999,0.0,0.22649999999999998,0.0,0.0,0.0,0.2073,0.0,0.0,0.0,0.0,-0.0003,0.0,0.0,0.0,0.0,0.0,0.01,0.0,0.0,0.0025504530019721527,0.0,0.0007000000000000001,0.0,0.0199999999999999,0.0,0.0,0.0,0.0,0.0003,-0.0004,0.0,0.0,0.0002,0.0,0.0,0.08,0.0005,0.0,0.0,0.0,0.0,0.0,0.0,0.0,0.0,0.0,0.0,0.21,0.21,0.2645336552973136
0.0,0.0,0.0,0.03,0.03,0.0,0.0,0.0,0.0,0.0,0.0,0.0,0.0,0.0,0.0,0.0,0.05,0.08,0.01,0.0,0.02,0.0,0.0,0.0,0.0,0.0,0.0,0.0,0.0,0.0,0.0,0.0,0.0,0.0,0.94,0.8308,1.0,1.0,0.77,0.48700000000000004,0.29,0.1,0.0,0.0,0.0,0.504,0.0031,0.0,0.0,0.0,0.01,0.0,0.1,0.0,0.1699,0.0,0.0,0.0,0.1561,0.0,0.0,0.0,0.0,-0.0001,0.01,0.0,0.0,0.0,0.0,0.03,0.0,0.0,0.003054612316315485,0.0,0.0009,0.0,0.08,0.0,0.0,0.0,0.0,0.0001,-0.0006,0.0,0.0,0.0003,0.0,0.0,0.08,0.0007000000000000001,0.0,0.0,0.0,0.0,0.0,0.0,0.0,0.0,0.0,0.0,0.23,0.23,0.2639601569574404
0.0,0.0,0.01,0.04,0.03,0.06,0.0,0.0,0.0,0.0,0.0,0.0,0.0,0.0,0.0,0.0,0.04,0.07,0.01,0.0,0.02,0.0,0.0,0.0,0.0,0.0,0.0,0.0,0.0,0.0,0.0,0.0,0.0,0.0,0.62,0.6369,0.82,0.77,1.0,1.0,1.0,1.0,0.0199999999999999,0.01,0.01,0.555,0.0046,0.0,0.01,0.0,0.01,0.0,0.129999999999999,0.0,0.1295,0.0,0.0,0.0,0.11869999999999999,0.0,0.0,0.0,0.0,0.0018,0.02,0.0,0.0,0.0,0.0,0.07,0.0,0.0,0.00604991177211999,0.0,0.0009,0.0,0.11,0.0,0.0,0.0,0.0,0.0001,0.0015,0.0,0.0,0.0002,0.0,0.0,0.1,0.0005,0.0,0.0,0.0,0.0,0.0,0.0,0.0,0.01,0.0,0.0,0.35,0.35,0.38031995170540295
0.0,0.0,0.0,0.03,0.01,0.15,0.0,0.0,0.0,0.0,0.0,0.0,0.0,0.0,0.0,0.0,0.01,0.02,0.0,0.0,0.01,0.0,0.08,0.07,0.01,0.01,0.0,0.0,0.0,0.0,0.0,0.0,0.0,0.0,0.13,0.1535,0.22,0.18,0.279999999999999,0.6149,0.38,0.68,0.159999999999999,0.14,0.5,0.9615,0.057800000000000004,0.13,0.24,0.1,0.06,0.06,0.0699999999999998,0.0299999999999999,0.06480000000000001,0.12,0.05,0.02,0.0286,0.03,0.0,0.0,0.08,0.0131,0.03,0.01,0.0,0.0,0.1,0.09,0.01,0.01,0.11386586396595441,0.0,0.0002,0.0199999999999999,0.0299999999999999,0.0,0.0,0.0,0.0,0.0,0.013500000000000002,0.0,0.0,0.0001,0.0,0.0,0.07,0.0004,0.0,0.0,0.0,0.0,0.0,0.0,0.0,0.01,0.0,0.0,0.22,0.22,0.24047690914578934
0.0,0.0,0.0,0.02,0.0,0.09,0.02,0.0,0.0,0.0,0.0,0.0,0.0,0.0,0.0,0.0,0.01,0.01,0.0,0.0,0.0,0.0,0.05,0.06,0.04,0.04,0.0,0.0,0.0,0.0,0.0,0.0,0.0,0.0,0.07,0.09910000000000001,0.13,0.1,0.17,0.4004,0.28,0.48,0.1,0.09,0.25,1.0,0.1393,0.33,0.27,0.2,0.39,0.21,0.359999999999999,0.09,0.3712,0.21,0.05,0.01,0.0179,0.01,0.0,0.0,0.04,0.0087,0.03,0.01,0.0,0.0,0.05,0.1,0.0,0.0,0.0559913403223654,0.0,0.0,0.00999999999999998,0.0199999999999999,0.0,0.0,0.0,0.0,-0.0002,0.009300000000000001,0.0,0.0,-0.0002,0.0,0.0,0.05,0.0005,0.0,0.0,0.0,0.0,0.0,0.0,0.0,0.01,0.0,0.0,0.19,0.19,0.21189254452158165
0.0,0.0,0.0,0.02,0.0,0.06,0.05,0.0,0.0,0.0,0.0,0.0,0.0,0.0,0.0,0.0,0.0,0.01,0.0,0.0,0.0,0.0,0.04,0.03,0.04,0.04,0.0,0.0,0.0,0.0,0.0,0.0,0.0,0.0,0.04,0.054900000000000004,0.07,0.05,0.09,0.26789999999999997,0.17,0.29,0.08,0.07,0.14,0.8020999999999999,0.10980000000000001,0.5,0.52,0.5,1.0,0.58,1.0,0.22,1.0,0.66,0.45,0.08,0.0132,0.01,0.0,0.0,0.02,0.0075,0.03,0.0,0.0,0.0,0.03,0.1,0.0,0.0,0.03434214623585759,0.0,-0.0002,0.00999999999999998,0.00999999999999998,0.0,0.0,0.0,0.0,-0.0001,0.0078000000000000005,0.0,0.0,-0.0002,0.0,0.0,0.05,0.0,0.0,0.0,0.0,0.0,0.0,0.0,0.0,0.0,0.0,0.0,0.16,0.16,0.17802595834591003
0.0,0.0,0.0,0.01,0.0,0.02,0.02,0.03,0.0,0.0,0.0,0.0,0.0,0.0,0.0,0.0,0.0,0.0,0.0,0.0,0.0,0.0,0.02,0.02,0.03,0.03,0.01,0.01,0.0,0.0,0.0,0.0,0.0,0.0,0.01,0.015700000000000002,0.02,0.01,0.0299999999999999,0.0787,0.09,0.09,0.0299999999999999,0.03,0.05,0.4733,0.0722,0.2,0.2,0.22,0.44,0.25,0.4,0.09,0.4326,0.47,0.5,0.58,1.0,0.49,0.25,0.18,0.05,0.012,0.16,0.02,0.11,0.04,0.01,0.09,0.0,0.0,0.012870890730882724,0.03,0.0060999999999999995,0.259999999999999,0.85,0.01,0.01,0.01,0.0,0.001,0.031,0.01,0.0,0.0003,0.0,0.0,0.03,-0.0002,0.0,0.0,0.0,0.0,0.0,0.0,0.0,0.0,0.0,0.0,0.13,0.13,0.15602173256866889
0.0,0.0,0.0,0.01,0.0,0.01,0.02,0.03,0.0,0.0,0.0,0.0,0.0,0.0,0.0,0.0,0.0,0.0,0.0,0.0,0.0,0.0,0.01,0.01,0.02,0.02,0.01,0.0,0.0,0.0,0.0,0.0,0.0,0.0,0.01,0.01,0.01,0.01,0.0199999999999999,0.0495,0.06,0.05,0.0199999999999999,0.02,0.03,0.3115,0.0433,0.12,0.16,0.17,0.29,0.22,0.32,0.0699999999999998,0.3464,0.33,0.33,0.32,0.9859,0.55,1.0,0.83,0.23,0.0726,0.52,0.13,0.46,0.2,0.03,0.07,0.0,0.0,0.010705971322231942,0.02,0.0058,0.22,0.74,0.01,0.01,0.01,0.0,0.0037,0.16620000000000001,0.02,0.01,0.0018,0.0,0.0,0.03,0.0021,0.01,0.0,0.0,0.0,0.0,0.0,0.0,0.0,0.0,0.0,0.09,0.09,0.0930274675520676
0.0,0.0,0.0,0.01,0.0,0.01,0.02,0.02,0.01,0.0,0.0,0.0,0.0,0.0,0.0,0.0,0.0,0.0,0.0,0.0,0.0,0.0,0.01,0.01,0.01,0.01,0.01,0.0,0.0,0.03,0.0,0.0,0.0,0.0,0.0,0.006999999999999999,0.01,0.01,0.00999999999999998,0.037000000000000005,0.06,0.04,0.0199999999999999,0.02,0.03,0.28,0.0356,0.09,0.14,0.15,0.23,0.2,0.269999999999999,0.0599999999999998,0.3095,0.33,0.38,0.32,0.6614,0.42,0.39,1.0,0.57,0.2584,1.0,0.46,0.83,0.65,0.14,0.09,0.0,0.0,0.016978306321268108,0.01,0.0053,0.159999999999999,0.52,0.0,0.01,0.01,0.01,0.005600000000000001,0.33880000000000005,0.05,0.01,0.0059,0.01,0.01,0.03,0.0104,0.01,0.0,0.0,0.0,0.0,0.0,0.0,0.0,0.0,0.0,0.1,0.1,0.10295804406881981
0.0,0.0,0.0,0.01,0.0,0.0,0.01,0.01,0.1,0.0,0.0,0.0,0.0,0.0,0.0,0.0,0.0,0.0,0.0,0.0,0.0,0.0,0.0,0.0,0.01,0.01,0.0,0.0,0.0,0.05,0.01,0.0,0.0,0.0,0.0,0.0027,0.0,0.0,0.00999999999999998,0.0154,0.03,0.02,0.00999999999999998,0.01,0.01,0.1462,0.0195,0.04,0.06,0.06,0.09,0.08,0.11,0.0199999999999999,0.1242,0.15,0.19,0.22,0.2737,0.2,0.12,0.64,0.34,0.1607,0.56,0.38,1.0,1.0,0.35,0.2,0.0,0.0,0.011462210293746942,0.01,0.0029,0.0599999999999998,0.21,0.0,0.0,0.0,0.0,0.0026,0.1404,0.03,0.01,0.0038,0.02,0.02,0.02,0.0128,0.01,0.0,0.0,0.0,0.0,0.0,0.0,0.0,0.0,0.0,0.06,0.06,0.0680048294597042
0.0,0.0,0.0,0.01,0.0,0.0,0.0,0.01,0.18,0.0,0.0,0.0,0.0,0.0,0.0,0.0,0.0,0.0,0.0,0.0,0.0,0.0,0.0,0.0,0.01,0.01,0.0,0.0,0.0,0.03,0.02,0.0,0.0,0.0,0.0,0.0013,0.0,0.0,0.0,0.0084,0.02,0.01,0.0,0.0,0.01,0.0863,0.0118,0.02,0.03,0.03,0.05,0.04,0.0599999999999998,0.00999999999999998,0.0664,0.08,0.09,0.13,0.1998,0.14,0.15,0.36,0.17,0.054000000000000006,0.3,0.18,0.58,0.53,0.26,0.58,0.03,0.03,0.006791322528507244,0.01,0.002,0.049999999999999906,0.149999999999999,0.0,0.0,0.0,0.0,0.0015,0.0542,0.02,0.0,0.0015,0.01,0.01,0.02,0.0074,0.01,0.0,0.0,0.0,0.0,0.0,0.0,0.0,0.0,0.0,0.05,0.05,0.048022939933594924
0.0,0.0,0.0,0.01,0.0,0.0,0.0,0.0,0.15,0.0,0.0,0.0,0.0,0.0,0.0,0.0,0.0,0.0,0.0,0.0,0.0,0.0,0.0,0.0,0.0,0.0,0.0,0.0,0.0,0.02,0.04,0.01,0.01,0.01,0.0,0.0016,0.0,0.0,0.0,0.0075,0.02,0.01,0.0,0.0,0.0,0.0708,0.009000000000000001,0.02,0.03,0.03,0.04,0.04,0.049999999999999906,0.00999999999999998,0.056299999999999996,0.06,0.07,0.09,0.1465,0.1,0.11,0.32,0.17,0.0282,0.29,0.16,0.47,0.37,0.17,1.0,0.21,0.21,0.023458236332092704,0.0,0.0014000000000000002,0.0299999999999999,0.11999999999999901,0.0,0.0,0.0,0.0,0.0014000000000000002,0.0361,0.01,0.0,0.0008,0.01,0.01,0.02,0.0049,0.01,0.01,0.01,0.01,0.0,0.0,0.01,0.0,0.0,0.0,0.04,0.04,0.047207968608511924
0.0,0.0,0.0,0.01,0.0,0.0,0.0,0.0,0.08,0.01,0.0,0.0,0.0,0.0,0.0,0.0,0.0,0.0,0.0,0.0,0.0,0.0,0.0,0.0,0.0,0.0,0.0,0.0,0.0,0.02,0.02,0.01,0.02,0.02,0.0,0.0009,0.0,0.0,0.0,0.0055000000000000005,0.01,0.0,0.0,0.0,0.0,0.0483,0.0060999999999999995,0.01,0.02,0.02,0.02,0.02,0.0299999999999999,0.00999999999999998,0.0371,0.04,0.05,0.06,0.078,0.06,0.04,0.23,0.13,0.018500000000000003,0.22,0.14,0.39,0.32,0.12,0.74,0.47,0.48,0.1803110959533801,0.0,0.0015,0.0199999999999999,0.0599999999999998,0.0,0.0,0.0,0.0,0.001,0.0233,0.01,0.0,0.0005,0.01,0.01,0.02,0.0044,0.0,0.02,0.01,0.01,0.01,0.01,0.02,0.01,0.02,0.01,0.04,0.04,0.04
0.0,0.0,0.0,0.02,0.0,0.0,0.0,0.0,0.1,0.03,0.0,0.0,0.0,0.0,0.0,0.0,0.0,0.0,0.0,0.0,0.0,0.0,0.0,0.0,0.0,0.0,0.0,0.0,0.0,0.02,0.02,0.01,0.02,0.02,0.0,0.0018,0.0,0.0,0.0,0.005,0.01,0.0,0.0,0.0,0.0,0.053399999999999996,0.006500000000000001,0.01,0.01,0.02,0.02,0.02,0.0299999999999999,0.00999999999999998,0.031,0.04,0.05,0.07,0.0713,0.06,0.05,0.21,0.11,0.0149,0.18,0.12,0.4,0.33,0.12,0.74,0.42,0.43,0.876451311555628,0.0,0.0013,0.0199999999999999,0.049999999999999906,0.0,0.0,0.0,0.0,0.0009,0.018500000000000003,0.01,0.0,0.0005,0.0,0.01,0.02,0.0053,0.0,0.02,0.01,0.01,0.02,0.02,0.02,0.02,0.06,0.03,0.05,0.05,0.05
0.0,0.0,0.0,0.0,0.0,0.48,0.05,0.0,0.0,0.0,0.0,0.0,0.0,0.0,0.0,0.0,0.0,0.0,0.0,0.0,0.0,0.0,0.42,1.0,0.08,0.06,0.0,0.0,0.0,0.0,0.0,0.0,0.0,0.0,0.0,-0.0009,0.0,0.0,0.0,0.0842,0.01,0.13,1.0,1.0,1.0,0.056100000000000004,0.4224,0.3,0.48,0.22,0.02,0.12,0.00999999999999998,0.22,0.0059,0.23,0.12,0.04,-0.0009,0.07,0.0,0.0,0.17,0.0876,0.0,0.02,0.0,0.0,0.21,0.0,0.02,0.02,0.22102937469416806,0.0,-0.0005,0.159999999999999,0.0,0.0,0.0,0.0,0.0,-0.0003,0.0956,0.0,0.0,-0.0002,0.0,0.0,0.02,-0.0009,0.0,0.01,0.0,0.0,0.0,0.0,0.0,0.0,0.0,0.0,0.02,0.02,0.049683066706912166
0.0,0.0,0.0,0.0,0.0,0.21,0.31,0.0,0.0,0.0,0.0,0.0,0.0,0.0,0.0,0.0,0.0,0.0,0.0,0.0,0.0,0.0,0.2,0.72,0.36,0.31,0.0,0.0,0.0,0.0,0.0,0.0,0.0,0.0,0.0,-0.0002,0.0,0.0,0.0,0.0403,0.0,0.07,0.45,0.47,0.39,0.0581,1.0,0.68,0.5,0.4,0.17,0.38,0.159999999999999,0.41,0.0698,0.33,0.11,0.02,0.0,0.02,0.0,0.0,0.07,0.0424,0.0,0.01,0.0,0.0,0.08,0.0,0.01,0.01,0.08186657572028055,0.0,-0.0002,0.0699999999999998,0.0,0.0,0.0,0.0,0.0,-0.0001,0.0461,0.0,0.0,-0.0002,0.0,0.0,0.01,0.0,0.0,0.03,0.0,0.0,0.0,0.0,0.0,0.0,0.0,0.0,0.02,0.02,0.05964382734681557
0.0,0.0,0.0,0.0,0.0,0.14,0.68,0.01,0.0,0.0,0.0,0.0,0.0,0.0,0.0,0.0,0.0,0.0,0.0,0.0,0.0,0.0,0.17,0.41,0.36,0.33,0.02,0.03,0.0,0.0,0.0,0.0,0.0,0.0,0.0,-0.0009,0.0,0.0,0.0,0.024399999999999998,0.0,0.04,0.41,0.4,0.25,0.04769999999999999,0.7786,1.0,1.0,1.0,0.45,1.0,0.44,1.0,0.2182,1.0,0.83,0.13,-0.0004,0.02,0.0,0.0,0.04,0.031400000000000004,0.0,0.01,0.0,0.0,0.05,0.0,0.0,0.0,0.05633238927030353,0.0,0.0026,0.0699999999999998,0.0,0.0,0.0,0.0,0.0,0.0002,0.0351,0.0,0.0,0.0002,0.0,0.0,0.01,0.0,0.0,0.02,0.0,0.0,0.0,0.0,0.0,0.0,0.0,0.0,0.02,0.02,0.02
0.0,0.0,0.0,0.01,0.0,0.05,0.34,0.38,0.0,0.0,0.0,0.0,0.0,0.0,0.0,0.0,0.0,0.0,0.0,0.0,0.0,0.0,0.07,0.2,0.25,0.21,0.18,0.31,0.0,0.0,0.0,0.0,0.0,0.0,0.0,-0.0011,0.0,0.0,0.0,0.0045000000000000005,0.0,0.01,0.159999999999999,0.17,0.08,0.026600000000000002,0.4793,0.39,0.39,0.43,0.19,0.42,0.17,0.39,0.0917,0.71,1.0,1.0,0.0541,0.8,0.07,0.06,0.06,0.044500000000000005,0.01,0.02,0.03,0.01,0.02,0.0,0.0,0.0,0.02124883227805869,0.55,0.1475,1.0,0.08,0.11,0.1,0.1,0.02,0.026699999999999998,0.11349999999999999,0.03,0.03,0.0104,0.01,0.0,0.02,0.0091,0.01,0.02,0.01,0.01,0.02,0.0,0.01,0.0,0.0,0.01,0.02,0.02,0.02
0.0,0.0,0.0,0.0,0.0,0.03,0.26,0.29,0.0,0.0,0.0,0.0,0.0,0.0,0.0,0.0,0.0,0.0,0.0,0.0,0.0,0.0,0.04,0.11,0.15,0.13,0.12,0.16,0.02,0.01,0.0,0.0,0.0,0.0,0.0,-0.0002,0.0,0.0,0.0,0.001,0.0,0.0,0.11,0.11,0.05,0.0197,0.284,0.23,0.29,0.33,0.13,0.35,0.13999999999999901,0.3,0.07150000000000001,0.5,0.62,0.55,0.052000000000000005,1.0,0.66,0.5,0.3,0.20679999999999998,0.05,0.15,0.22,0.09,0.03,0.0,0.0,0.0,0.01604412876822017,0.37,0.1191,0.99,0.08,0.15,0.15,0.19,0.08,0.0679,0.5254,0.13,0.09,0.0304,0.03,0.01,0.02,0.0144,0.03,0.01,0.01,0.01,0.01,0.0,0.0,0.0,0.0,0.01,0.02,0.02,0.02
0.0,0.0,0.0,0.01,0.0,0.02,0.19,0.2,0.0,0.0,0.0,0.0,0.0,0.0,0.0,0.0,0.0,0.0,0.0,0.0,0.0,0.0,0.03,0.07,0.1,0.09,0.09,0.11,0.08,0.03,0.0,0.0,0.0,0.0,0.0,-0.0005,0.0,0.0,0.0,0.001,0.0,0.0,0.08,0.08,0.04,0.0126,0.1883,0.14,0.21,0.26,0.08,0.28,0.1,0.22,0.0533,0.42,0.6,0.43,0.0292,0.62,0.27,0.57,0.84,0.6557999999999999,0.11,0.63,0.37,0.26,0.19,0.0,0.0,0.0,0.022983733448004865,0.17,0.08689999999999999,0.57,0.0399999999999999,0.09,0.1,0.16,0.13,0.10210000000000001,1.0,0.31,0.26,0.08800000000000001,0.14,0.05,0.04,0.051100000000000007,0.1,0.01,0.0,0.0,0.01,0.0,0.0,0.0,0.0,0.0,0.02,0.02,0.02
0.0,0.0,0.0,0.01,0.0,0.02,0.16,0.22,0.05,0.0,0.0,0.0,0.0,0.0,0.0,0.0,0.0,0.0,0.0,0.0,0.0,0.0,0.03,0.07,0.12,0.1,0.09,0.16,0.16,0.11,0.0,0.0,0.0,0.0,0.0,-0.0007000000000000001,0.0,0.0,0.0,0.001,0.0,0.0,0.0699999999999998,0.07,0.03,0.0146,0.2145,0.13,0.18,0.21,0.07,0.22,0.08,0.179999999999999,0.0453,0.39,0.61,0.59,0.0256,0.61,0.18,0.72,1.0,1.0,0.12,1.0,0.84,0.83,1.0,0.01,0.01,0.01,0.02925606844704103,0.23,0.1011,0.49,0.0399999999999999,0.08,0.09,0.15,0.1,0.0966,0.9357,0.42,0.33,0.135,0.42,0.25,0.16,0.16510000000000002,0.23,0.01,0.01,0.01,0.01,0.0,0.01,0.0,0.0,0.01,0.02,0.02,0.02
0.0,0.0,0.0,0.01,0.0,0.01,0.07,0.08,0.05,0.0,0.0,0.0,0.0,0.0,0.0,0.0,0.0,0.0,0.0,0.0,0.0,0.0,0.01,0.02,0.05,0.04,0.03,0.05,0.05,0.04,0.02,0.01,0.01,0.0,0.0,-0.0005,0.0,0.0,0.0,0.001,0.0,0.0,0.0299999999999999,0.03,0.01,0.0064,0.0818,0.04,0.07,0.08,0.03,0.09,0.0299999999999999,0.0699999999999998,0.0172,0.14,0.19,0.22,0.0129,0.28,0.15,0.28,0.35,0.19829999999999998,0.04,0.32,0.31,0.26,0.44,0.05,0.23,0.23,0.024970714275122704,0.12,0.042800000000000005,0.239999999999999,0.0199999999999999,0.04,0.04,0.08,0.04,0.0346,0.2332,0.15,0.11,0.0271,0.13,0.1,0.08,0.0571,0.08,0.04,0.06,0.06,0.05,0.03,0.05,0.02,0.0,0.01,0.02,0.02,0.02
0.0,0.0,0.0,0.01,0.0,0.0,0.04,0.05,0.03,0.01,0.0,0.0,0.0,0.0,0.0,0.0,0.0,0.0,0.0,0.0,0.0,0.0,0.01,0.01,0.03,0.02,0.02,0.03,0.04,0.03,0.02,0.03,0.02,0.02,0.0,-0.0005,0.0,0.0,0.0,-0.0015,0.0,0.0,0.0199999999999999,0.02,0.01,0.0051,0.050199999999999995,0.03,0.04,0.05,0.01,0.06,0.0199999999999999,0.0399999999999999,0.0121,0.09,0.13,0.14,0.0073,0.15,0.04,0.21,0.32,0.1048,0.04,0.29,0.25,0.21,0.26,0.05,1.0,1.0,0.3170420676463174,0.05,0.0282,0.11999999999999901,0.00999999999999998,0.02,0.02,0.05,0.03,0.031,0.1394,0.1,0.1,0.015,0.09,0.06,0.06,0.0416,0.05,0.15,0.25,0.24,0.24,0.2,0.26,0.09,0.06,0.06,0.02,0.02,0.02
0.0,0.0,0.0,0.0,0.0,0.0,0.02,0.02,0.02,0.02,0.0,0.0,0.0,0.0,0.0,0.0,0.0,0.0,0.0,0.0,0.0,0.0,0.0,0.01,0.02,0.01,0.01,0.02,0.02,0.02,0.01,0.02,0.02,0.01,0.0,-0.0002,0.0,0.0,0.0,0.002,0.0,0.0,0.00999999999999998,0.01,0.0,0.0025,0.026000000000000002,0.01,0.02,0.02,0.01,0.02,0.00999999999999998,0.0199999999999999,0.0051,0.04,0.06,0.08,0.0031,0.07,0.02,0.09,0.13,0.0409,0.02,0.14,0.13,0.12,0.14,0.02,0.53,0.53,1.0,0.03,0.0131,0.049999999999999906,0.0,0.01,0.01,0.03,0.01,0.0127,0.054400000000000004,0.04,0.04,0.0059,0.04,0.03,0.04,0.026000000000000002,0.02,0.08,0.13,0.13,0.16,0.15,0.18,0.06,0.11,0.24,0.02,0.02,0.02
0.0,0.0,0.0,0.0,0.0,0.0,0.0,0.63,0.0,0.0,0.0,0.0,0.0,0.0,0.0,0.0,0.0,0.0,0.0,0.0,0.0,0.0,0.0,0.0,0.0,0.0,0.1,0.15,0.01,0.0,0.0,0.0,0.0,0.0,0.0,-0.0005,0.0,0.0,0.0,-0.001,0.0,0.0,0.0,0.0,0.0,0.0,0.0007000000000000001,0.0,0.0,0.0,0.0,0.0,0.0,0.0,0.0029,0.0,0.03,0.11,0.5502,0.14,0.04,0.03,0.0,0.006,0.04,0.0,0.02,0.01,0.0,0.0,0.0,0.0,-2.9656430255490146e-05,1.0,0.8751000000000001,0.43,0.789999999999999,0.53,0.5,0.44,0.14,0.17850000000000002,0.0212,0.08,0.09,0.0768,0.03,0.0,0.01,0.0812,0.03,0.05,0.04,0.02,0.05,0.01,0.02,0.0,0.0,0.03,0.04,0.04,0.027017808632659224
0.0,0.01,0.0,0.0,0.0,0.0,0.01,0.76,0.01,0.0,0.0,0.0,0.0,0.0,0.0,0.0,0.0,0.0,0.0,0.0,0.0,0.0,0.0,0.0,0.0,0.0,0.11,0.12,0.12,0.03,0.0,0.0,0.0,0.0,0.0,-0.0004,0.0,0.0,0.0,-0.001,0.0,0.0,0.0,0.0,0.0,0.0025,0.0007000000000000001,0.0,0.0,0.0,0.0,0.0,0.0,0.0,0.0033,0.0,0.03,0.1,0.7087,0.24,0.22,0.23,0.04,0.0626,0.22,0.05,0.11,0.06,0.0,0.0,0.0,0.0,0.0005041593143433325,0.92,1.0,0.539999999999999,1.0,1.0,1.0,1.0,0.7,0.6201,0.1959,0.44,0.38,0.3136,0.12,0.04,0.05,0.179,0.17,0.08,0.03,0.02,0.04,0.01,0.01,0.0,0.0,0.03,0.04,0.04,0.03277995774222758
0.0,0.01,0.0,0.01,0.0,0.0,0.0,0.61,0.05,0.0,0.0,0.0,0.0,0.0,0.0,0.0,0.0,0.0,0.0,0.0,0.0,0.0,0.0,0.0,0.0,0.0,0.09,0.11,0.45,0.14,0.0,0.0,0.0,0.0,0.0,-0.0004,0.0,0.0,0.0,0.0,0.0,0.0,0.0,0.0,0.0,0.0006,0.0006,0.0,0.0,0.0,0.0,0.0,0.0,0.0,0.0029,0.0,0.03,0.09,0.4033,0.17,0.08,0.36,0.1,0.22,0.44,0.18,0.28,0.26,0.03,0.0,0.0,0.0,0.0017200729548184285,0.57,0.8388,0.33,0.63,0.72,0.78,0.89,1.0,1.0,0.3996,1.0,1.0,1.0,0.58,0.33,0.33,0.7212000000000001,0.64,0.06,0.02,0.01,0.03,0.0,0.01,0.0,0.0,0.02,0.05,0.05,0.028246302444913975
0.0,0.01,0.0,0.01,0.0,0.0,0.0,0.45,0.29,0.0,0.0,0.0,0.0,0.0,0.0,0.0,0.0,0.0,0.0,0.0,0.0,0.0,0.0,0.0,0.0,0.0,0.07,0.1,0.51,0.28,0.01,0.0,0.0,0.0,0.0,-0.0004,0.0,0.0,0.0,-0.0005,0.0,0.0,0.0,0.0,0.0,0.0013,0.0005,0.0,0.0,0.0,0.0,0.0,0.0,0.0,0.0015,0.0,0.02,0.09,0.2463,0.11,0.04,0.31,0.08,0.1696,0.32,0.18,0.42,0.48,0.09,0.03,0.0,0.0,0.0016755883094351934,0.47,0.6141,0.189999999999999,0.359999999999999,0.44,0.48,0.6,0.54,0.5904,0.22089999999999999,0.86,0.81,0.7908,1.0,1.0,1.0,1.0,1.0,0.05,0.02,0.02,0.03,0.01,0.01,0.01,0.0,0.02,0.04,0.04,0.032357380018110476
0.0,0.0,0.0,0.0,0.0,0.0,0.0,0.32,0.56,0.0,0.0,0.0,0.0,0.0,0.0,0.0,0.0,0.0,0.0,0.0,0.0,0.0,0.0,0.0,0.0,0.0,0.04,0.07,0.28,0.19,0.05,0.01,0.01,0.0,0.0,-0.0007000000000000001,0.0,0.0,0.0,-0.001,0.0,0.0,0.0,0.0,0.0,0.0012,0.0003,0.0,0.0,0.0,0.0,0.0,0.0,0.0,0.0004,0.0,0.01,0.06,0.20440000000000003,0.09,0.05,0.18,0.04,0.0635,0.2,0.1,0.27,0.3,0.08,0.11,0.0,0.0,0.0010528032740699002,0.45,0.4304,0.159999999999999,0.3,0.35,0.37,0.52,0.35,0.309,0.09210000000000002,0.52,0.45,0.3064,0.66,0.86,0.88,0.6602,0.62,0.09,0.07,0.06,0.05,0.03,0.04,0.03,0.0,0.02,0.03,0.03,0.024144280108662843
0.0,0.0,0.0,0.0,0.0,0.0,0.0,0.17,0.37,0.01,0.0,0.0,0.0,0.0,0.0,0.0,0.0,0.0,0.0,0.0,0.0,0.0,0.0,0.0,0.0,0.0,0.02,0.03,0.17,0.11,0.08,0.03,0.03,0.02,0.0,-0.0002,0.0,0.0,0.0,0.001,0.0,0.0,0.0,0.0,0.0,0.0006,0.0002,0.0,0.0,0.0,0.0,0.0,0.0,0.0,0.0004,0.0,0.01,0.03,0.1139,0.05,0.03,0.13,0.03,0.026600000000000002,0.14,0.06,0.17,0.15,0.04,0.16,0.03,0.03,0.0024466554960779372,0.24,0.252,0.09,0.17,0.21,0.23,0.37,0.28,0.2451,0.048499999999999995,0.32,0.33,0.13140000000000002,0.33,0.39,0.45,0.3319,0.3,0.39,0.35,0.35,0.29,0.25,0.3,0.25,0.06,0.04,0.03,0.03,0.021684274071838216
0.0,0.0,0.0,0.01,0.0,0.0,0.0,0.13,0.26,0.1,0.0,0.0,0.0,0.0,0.0,0.0,0.0,0.0,0.0,0.0,0.0,0.0,0.0,0.0,0.0,0.0,0.02,0.03,0.2,0.11,0.06,0.06,0.07,0.07,0.0,-0.0002,0.0,0.0,0.0,0.0005,0.0,0.0,0.0,0.0,0.0,0.0,0.0002,0.0,0.0,0.0,0.0,0.0,0.0,0.0,0.0002,0.0,0.0,0.03,0.0788,0.04,0.01,0.12,0.03,0.0222,0.14,0.07,0.18,0.17,0.03,0.15,0.08,0.09,0.02194575838906271,0.15,0.2113,0.0599999999999998,0.11,0.15,0.17,0.31,0.23,0.24489999999999998,0.0404,0.27,0.35,0.1103,0.29,0.32,0.5,0.3858,0.27,1.0,1.0,1.0,1.0,1.0,1.0,1.0,0.74,0.37,0.03,0.03,0.03398732266827648
0.0,0.0,0.0,0.0,0.0,0.0,0.0,0.06,0.16,0.16,0.0,0.0,0.0,0.0,0.0,0.0,0.0,0.0,0.0,0.0,0.0,0.0,0.0,0.0,0.0,0.0,0.01,0.01,0.09,0.05,0.03,0.03,0.03,0.03,0.0,0.0002,0.0,0.0,0.0,0.0,0.0,0.0,0.0,0.0,0.0,0.0,0.0002,0.0,0.0,0.0,0.0,0.0,0.0,0.0,0.0,0.0,0.0,0.01,0.0346,0.02,0.0,0.05,0.01,0.0079,0.06,0.03,0.09,0.08,0.02,0.07,0.04,0.04,0.04810272987440502,0.08,0.0922,0.0299999999999999,0.049999999999999906,0.06,0.08,0.14,0.09,0.08789999999999999,0.0146,0.11,0.15,0.04,0.13,0.16,0.32,0.20170000000000002,0.11,0.43,0.46,0.47,0.56,0.59,0.56,0.55,1.0,1.0,0.02,0.02,0.024965288258376093
